[
  {
    "ts": "2025-08-13T18:40:00Z",
    "src_ip": "10.0.0.10",
    "src_port": 54321,
    "dst_ip": "8.8.8.8",
    "dst_port": 53,
    "proto": "udp",
    "bytes": 128,
    "packets": 1
  },
  {
    "ts": "2025-08-13T18:40:05Z",
    "src_ip": "10.0.0.20",
    "src_port": 51515,
    "dst_ip": "1.1.1.1",
    "dst_port": 443,
    "proto": "tcp",
    "bytes": 2048,
    "packets": 2
  },
  {
    "ts": "2025-08-13T18:40:10Z",
    "src_ip": "192.168.1.100",
    "src_port": 12345,
    "dst_ip": "8.8.4.4",
    "dst_port": 53,
    "proto": "udp",
    "bytes": 64,
    "packets": 1
  }
]